[{"topK": 48, "shrink": 3}, {"topK": 314, "shrink": 68}, {"topK": 352, "shrink": 76}, {"topK": 218, "shrink": 64}, {"topK": 59, "shrink": 3}, {"topK": 568, "shrink": 4}, {"topK": 550, "shrink": 94}, {"topK": 196, "shrink": 11}, {"topK": 667, "shrink": 11}, {"topK": 918, "shrink": 0}, {"topK": 431, "shrink": 80}, {"topK": 485, "shrink": 21}, {"topK": 675, "shrink": 48}, {"topK": 18, "shrink": 4}, {"topK": 295, "shrink": 41}, {"topK": 888, "shrink": 40}, {"topK": 683, "shrink": 82}, {"topK": 420, "shrink": 3}, {"topK": 337, "shrink": 43}, {"topK": 852, "shrink": 9}, {"topK": 102, "shrink": 21}, {"topK": 61, "shrink": 34}, {"topK": 726, "shrink": 27}, {"topK": 252, "shrink": 9}, {"topK": 278, "shrink": 89}, {"topK": 123, "shrink": 75}, {"topK": 832, "shrink": 59}, {"topK": 339, "shrink": 80}, {"topK": 882, "shrink": 72}, {"topK": 41, "shrink": 84}, {"topK": 894, "shrink": 42}, {"topK": 808, "shrink": 50}, {"topK": 480, "shrink": 82}, {"topK": 578, "shrink": 75}, {"topK": 687, "shrink": 64}, {"topK": 386, "shrink": 99}, {"topK": 965, "shrink": 92}, {"topK": 393, "shrink": 67}, {"topK": 288, "shrink": 1}, {"topK": 275, "shrink": 1}, {"topK": 597, "shrink": 97}, {"topK": 925, "shrink": 90}, {"topK": 206, "shrink": 93}, {"topK": 636, "shrink": 29}, {"topK": 619, "shrink": 24}, {"topK": 656, "shrink": 3}, {"topK": 702, "shrink": 38}, {"topK": 972, "shrink": 20}, {"topK": 607, "shrink": 98}, {"topK": 714, "shrink": 67}, {"topK": 763, "shrink": 58}, {"topK": 207, "shrink": 69}, {"topK": 235, "shrink": 20}, {"topK": 584, "shrink": 40}, {"topK": 777, "shrink": 36}, {"topK": 768, "shrink": 62}, {"topK": 897, "shrink": 68}, {"topK": 252, "shrink": 38}, {"topK": 563, "shrink": 65}, {"topK": 822, "shrink": 58}, {"topK": 36, "shrink": 86}, {"topK": 1000, "shrink": 80}, {"topK": 731, "shrink": 7}, {"topK": 454, "shrink": 55}, {"topK": 215, "shrink": 26}, {"topK": 394, "shrink": 49}, {"topK": 632, "shrink": 22}, {"topK": 27, "shrink": 53}, {"topK": 478, "shrink": 93}, {"topK": 464, "shrink": 48}, {"topK": 221, "shrink": 32}, {"topK": 979, "shrink": 20}, {"topK": 564, "shrink": 35}, {"topK": 721, "shrink": 89}, {"topK": 478, "shrink": 99}, {"topK": 922, "shrink": 89}, {"topK": 410, "shrink": 32}, {"topK": 887, "shrink": 71}, {"topK": 197, "shrink": 99}, {"topK": 148, "shrink": 8}, {"topK": 836, "shrink": 50}, {"topK": 798, "shrink": 1}, {"topK": 437, "shrink": 74}, {"topK": 250, "shrink": 99}, {"topK": 9, "shrink": 55}, {"topK": 829, "shrink": 79}, {"topK": 536, "shrink": 60}, {"topK": 294, "shrink": 25}, {"topK": 312, "shrink": 50}, {"topK": 611, "shrink": 77}, {"topK": 529, "shrink": 82}, {"topK": 303, "shrink": 74}, {"topK": 194, "shrink": 31}, {"topK": 307, "shrink": 78}, {"topK": 955, "shrink": 41}, {"topK": 165, "shrink": 61}, {"topK": 154, "shrink": 42}, {"topK": 330, "shrink": 53}, {"topK": 596, "shrink": 65}, {"topK": 514, "shrink": 50}, {"topK": 759, "shrink": 84}, {"topK": 797, "shrink": 82}, {"topK": 638, "shrink": 33}, {"topK": 684, "shrink": 56}, {"topK": 862, "shrink": 54}, {"topK": 735, "shrink": 12}, {"topK": 411, "shrink": 74}, {"topK": 990, "shrink": 56}, {"topK": 518, "shrink": 35}, {"topK": 495, "shrink": 86}, {"topK": 360, "shrink": 90}, {"topK": 292, "shrink": 59}, {"topK": 447, "shrink": 88}, {"topK": 824, "shrink": 31}, {"topK": 893, "shrink": 31}, {"topK": 923, "shrink": 82}, {"topK": 54, "shrink": 51}, {"topK": 473, "shrink": 8}, {"topK": 523, "shrink": 94}, {"topK": 270, "shrink": 43}, {"topK": 722, "shrink": 61}, {"topK": 249, "shrink": 73}, {"topK": 355, "shrink": 97}, {"topK": 928, "shrink": 4}, {"topK": 130, "shrink": 97}, {"topK": 137, "shrink": 63}, {"topK": 620, "shrink": 50}, {"topK": 521, "shrink": 16}, {"topK": 672, "shrink": 35}, {"topK": 379, "shrink": 37}, {"topK": 328, "shrink": 9}, {"topK": 850, "shrink": 97}, {"topK": 347, "shrink": 55}, {"topK": 746, "shrink": 70}, {"topK": 662, "shrink": 63}, {"topK": 14, "shrink": 54}, {"topK": 148, "shrink": 38}, {"topK": 616, "shrink": 8}, {"topK": 96, "shrink": 18}, {"topK": 324, "shrink": 20}, {"topK": 201, "shrink": 49}, {"topK": 845, "shrink": 87}, {"topK": 171, "shrink": 15}, {"topK": 326, "shrink": 5}, {"topK": 719, "shrink": 89}, {"topK": 677, "shrink": 24}, {"topK": 650, "shrink": 52}, {"topK": 768, "shrink": 9}, {"topK": 78, "shrink": 48}, {"topK": 678, "shrink": 57}, {"topK": 874, "shrink": 79}, {"topK": 158, "shrink": 46}, {"topK": 691, "shrink": 83}, {"topK": 780, "shrink": 58}, {"topK": 342, "shrink": 17}, {"topK": 482, "shrink": 18}, {"topK": 537, "shrink": 14}, {"topK": 223, "shrink": 85}, {"topK": 333, "shrink": 10}, {"topK": 416, "shrink": 34}, {"topK": 622, "shrink": 20}, {"topK": 768, "shrink": 13}, {"topK": 267, "shrink": 68}, {"topK": 787, "shrink": 5}, {"topK": 76, "shrink": 61}, {"topK": 775, "shrink": 84}, {"topK": 255, "shrink": 80}, {"topK": 431, "shrink": 15}, {"topK": 65, "shrink": 16}, {"topK": 661, "shrink": 35}, {"topK": 968, "shrink": 62}, {"topK": 484, "shrink": 48}, {"topK": 775, "shrink": 98}, {"topK": 832, "shrink": 25}, {"topK": 147, "shrink": 79}, {"topK": 761, "shrink": 37}, {"topK": 555, "shrink": 19}, {"topK": 312, "shrink": 95}, {"topK": 653, "shrink": 43}, {"topK": 224, "shrink": 86}, {"topK": 497, "shrink": 15}, {"topK": 454, "shrink": 52}, {"topK": 563, "shrink": 19}, {"topK": 200, "shrink": 98}, {"topK": 847, "shrink": 96}, {"topK": 114, "shrink": 13}, {"topK": 674, "shrink": 13}, {"topK": 387, "shrink": 82}, {"topK": 527, "shrink": 75}, {"topK": 890, "shrink": 99}, {"topK": 215, "shrink": 1}, {"topK": 710, "shrink": 45}, {"topK": 996, "shrink": 36}, {"topK": 463, "shrink": 17}, {"topK": 538, "shrink": 30}, {"topK": 615, "shrink": 14}, {"topK": 917, "shrink": 75}, {"topK": 776, "shrink": 82}, {"topK": 531, "shrink": 78}, {"topK": 478, "shrink": 63}, {"topK": 780, "shrink": 9}, {"topK": 619, "shrink": 71}, {"topK": 142, "shrink": 60}, {"topK": 440, "shrink": 14}, {"topK": 963, "shrink": 56}, {"topK": 513, "shrink": 68}, {"topK": 348, "shrink": 73}, {"topK": 130, "shrink": 11}, {"topK": 391, "shrink": 26}, {"topK": 214, "shrink": 35}, {"topK": 142, "shrink": 9}, {"topK": 502, "shrink": 60}, {"topK": 49, "shrink": 72}, {"topK": 397, "shrink": 23}, {"topK": 131, "shrink": 33}, {"topK": 736, "shrink": 37}, {"topK": 44, "shrink": 97}, {"topK": 827, "shrink": 0}, {"topK": 565, "shrink": 41}, {"topK": 915, "shrink": 42}, {"topK": 410, "shrink": 22}, {"topK": 691, "shrink": 90}, {"topK": 405, "shrink": 88}, {"topK": 810, "shrink": 13}, {"topK": 970, "shrink": 26}, {"topK": 852, "shrink": 54}, {"topK": 970, "shrink": 42}, {"topK": 719, "shrink": 51}, {"topK": 411, "shrink": 97}, {"topK": 47, "shrink": 66}, {"topK": 459, "shrink": 26}, {"topK": 513, "shrink": 2}, {"topK": 34, "shrink": 54}, {"topK": 18, "shrink": 52}, {"topK": 819, "shrink": 97}, {"topK": 645, "shrink": 62}, {"topK": 432, "shrink": 54}, {"topK": 412, "shrink": 10}, {"topK": 128, "shrink": 67}, {"topK": 906, "shrink": 79}, {"topK": 478, "shrink": 51}, {"topK": 830, "shrink": 71}, {"topK": 520, "shrink": 10}, {"topK": 265, "shrink": 22}, {"topK": 979, "shrink": 67}, {"topK": 311, "shrink": 31}, {"topK": 351, "shrink": 89}, {"topK": 713, "shrink": 90}, {"topK": 361, "shrink": 60}, {"topK": 969, "shrink": 21}, {"topK": 381, "shrink": 15}, {"topK": 519, "shrink": 78}, {"topK": 119, "shrink": 20}, {"topK": 168, "shrink": 65}, {"topK": 37, "shrink": 1}, {"topK": 351, "shrink": 88}, {"topK": 896, "shrink": 22}, {"topK": 51, "shrink": 21}, {"topK": 226, "shrink": 92}, {"topK": 890, "shrink": 5}, {"topK": 980, "shrink": 15}, {"topK": 951, "shrink": 40}, {"topK": 644, "shrink": 56}, {"topK": 675, "shrink": 89}, {"topK": 406, "shrink": 54}, {"topK": 632, "shrink": 84}, {"topK": 855, "shrink": 79}, {"topK": 9, "shrink": 97}, {"topK": 32, "shrink": 36}, {"topK": 86, "shrink": 77}, {"topK": 975, "shrink": 74}, {"topK": 605, "shrink": 13}, {"topK": 778, "shrink": 89}, {"topK": 770, "shrink": 51}, {"topK": 130, "shrink": 42}, {"topK": 676, "shrink": 14}, {"topK": 842, "shrink": 1}, {"topK": 678, "shrink": 9}, {"topK": 67, "shrink": 2}, {"topK": 105, "shrink": 36}, {"topK": 541, "shrink": 8}, {"topK": 732, "shrink": 47}, {"topK": 13, "shrink": 23}, {"topK": 964, "shrink": 23}, {"topK": 350, "shrink": 68}, {"topK": 820, "shrink": 43}, {"topK": 975, "shrink": 12}, {"topK": 180, "shrink": 85}, {"topK": 714, "shrink": 77}, {"topK": 776, "shrink": 29}, {"topK": 601, "shrink": 75}, {"topK": 432, "shrink": 67}, {"topK": 225, "shrink": 92}, {"topK": 153, "shrink": 21}, {"topK": 241, "shrink": 28}, {"topK": 64, "shrink": 13}, {"topK": 265, "shrink": 23}, {"topK": 653, "shrink": 13}, {"topK": 630, "shrink": 39}, {"topK": 823, "shrink": 92}, {"topK": 520, "shrink": 30}, {"topK": 741, "shrink": 54}, {"topK": 250, "shrink": 44}, {"topK": 695, "shrink": 100}, {"topK": 167, "shrink": 34}, {"topK": 822, "shrink": 30}, {"topK": 187, "shrink": 84}, {"topK": 234, "shrink": 9}, {"topK": 67, "shrink": 12}, {"topK": 164, "shrink": 94}, {"topK": 210, "shrink": 71}, {"topK": 128, "shrink": 73}, {"topK": 170, "shrink": 48}, {"topK": 661, "shrink": 35}, {"topK": 979, "shrink": 31}, {"topK": 573, "shrink": 80}, {"topK": 30, "shrink": 96}, {"topK": 31, "shrink": 39}, {"topK": 804, "shrink": 100}, {"topK": 215, "shrink": 80}, {"topK": 519, "shrink": 53}, {"topK": 180, "shrink": 5}, {"topK": 394, "shrink": 61}, {"topK": 713, "shrink": 92}, {"topK": 984, "shrink": 78}, {"topK": 544, "shrink": 84}, {"topK": 45, "shrink": 12}, {"topK": 956, "shrink": 84}, {"topK": 542, "shrink": 7}, {"topK": 901, "shrink": 5}, {"topK": 856, "shrink": 12}, {"topK": 274, "shrink": 8}, {"topK": 579, "shrink": 35}, {"topK": 1000, "shrink": 100}, {"topK": 1000, "shrink": 100}, {"topK": 1000, "shrink": 100}, {"topK": 670, "shrink": 75}, {"topK": 1000, "shrink": 100}, {"topK": 1000, "shrink": 100}, {"topK": 299, "shrink": 65}, {"topK": 480, "shrink": 55}, {"topK": 408, "shrink": 52}, {"topK": 321, "shrink": 27}, {"topK": 48, "shrink": 82}, {"topK": 958, "shrink": 92}, {"topK": 828, "shrink": 58}, {"topK": 1000, "shrink": 100}, {"topK": 30, "shrink": 86}, {"topK": 180, "shrink": 95}, {"topK": 654, "shrink": 29}, {"topK": 254, "shrink": 57}, {"topK": 95, "shrink": 16}, {"topK": 1000, "shrink": 100}, {"topK": 1000, "shrink": 100}, {"topK": 780, "shrink": 37}, {"topK": 1000, "shrink": 100}, {"topK": 639, "shrink": 24}, {"topK": 1000, "shrink": 100}, {"topK": 1000, "shrink": 100}, {"topK": 1000, "shrink": 100}, {"topK": 1000, "shrink": 100}, {"topK": 1000, "shrink": 100}, {"topK": 1000, "shrink": 100}, {"topK": 1000, "shrink": 100}, {"topK": 1000, "shrink": 100}, {"topK": 522, "shrink": 37}, {"topK": 1000, "shrink": 100}, {"topK": 624, "shrink": 24}, {"topK": 673, "shrink": 36}, {"topK": 1000, "shrink": 100}, {"topK": 976, "shrink": 74}, {"topK": 169, "shrink": 54}, {"topK": 397, "shrink": 13}, {"topK": 638, "shrink": 14}, {"topK": 320, "shrink": 66}, {"topK": 1000, "shrink": 100}, {"topK": 1000, "shrink": 100}, {"topK": 324, "shrink": 90}, {"topK": 1000, "shrink": 100}, {"topK": 1000, "shrink": 100}, {"topK": 800, "shrink": 56}, {"topK": 1000, "shrink": 100}, {"topK": 1000, "shrink": 100}, {"topK": 1000, "shrink": 100}, {"topK": 1000, "shrink": 100}, {"topK": 1000, "shrink": 100}, {"topK": 166, "shrink": 85}, {"topK": 1000, "shrink": 100}, {"topK": 71, "shrink": 1}, {"topK": 121, "shrink": 2}, {"topK": 470, "shrink": 68}, {"topK": 1000, "shrink": 100}, {"topK": 744, "shrink": 77}, {"topK": 197, "shrink": 91}, {"topK": 474, "shrink": 78}, {"topK": 776, "shrink": 12}, {"topK": 1000, "shrink": 100}, {"topK": 34, "shrink": 93}, {"topK": 27, "shrink": 70}, {"topK": 844, "shrink": 93}, {"topK": 562, "shrink": 100}, {"topK": 517, "shrink": 32}, {"topK": 1000, "shrink": 100}, {"topK": 193, "shrink": 29}, {"topK": 915, "shrink": 19}, {"topK": 852, "shrink": 84}, {"topK": 671, "shrink": 34}, {"topK": 1000, "shrink": 100}, {"topK": 1000, "shrink": 100}, {"topK": 534, "shrink": 26}, {"topK": 211, "shrink": 11}, {"topK": 243, "shrink": 97}, {"topK": 225, "shrink": 74}, {"topK": 1000, "shrink": 100}, {"topK": 1000, "shrink": 100}, {"topK": 370, "shrink": 91}, {"topK": 1000, "shrink": 100}, {"topK": 470, "shrink": 72}, {"topK": 500, "shrink": 79}, {"topK": 81, "shrink": 29}, {"topK": 670, "shrink": 58}, {"topK": 142, "shrink": 9}, {"topK": 348, "shrink": 81}, {"topK": 359, "shrink": 19}, {"topK": 1000, "shrink": 100}, {"topK": 512, "shrink": 45}, {"topK": 713, "shrink": 95}, {"topK": 866, "shrink": 0}, {"topK": 338, "shrink": 86}, {"topK": 1000, "shrink": 100}, {"topK": 863, "shrink": 40}, {"topK": 76, "shrink": 0}, {"topK": 463, "shrink": 56}, {"topK": 254, "shrink": 68}, {"topK": 995, "shrink": 22}, {"topK": 1000, "shrink": 100}, {"topK": 1000, "shrink": 100}, {"topK": 661, "shrink": 67}, {"topK": 972, "shrink": 26}, {"topK": 1000, "shrink": 100}, {"topK": 307, "shrink": 9}, {"topK": 1000, "shrink": 100}, {"topK": 1000, "shrink": 100}, {"topK": 810, "shrink": 13}, {"topK": 1000, "shrink": 100}, {"topK": 1000, "shrink": 100}, {"topK": 282, "shrink": 63}, {"topK": 555, "shrink": 26}, {"topK": 1000, "shrink": 100}, {"topK": 631, "shrink": 4}, {"topK": 1000, "shrink": 100}, {"topK": 255, "shrink": 86}, {"topK": 616, "shrink": 18}, {"topK": 904, "shrink": 20}, {"topK": 260, "shrink": 25}, {"topK": 1000, "shrink": 100}, {"topK": 1000, "shrink": 100}, {"topK": 565, "shrink": 39}, {"topK": 848, "shrink": 43}, {"topK": 482, "shrink": 22}, {"topK": 1000, "shrink": 100}, {"topK": 24, "shrink": 56}, {"topK": 1000, "shrink": 100}, {"topK": 774, "shrink": 44}, {"topK": 195, "shrink": 79}, {"topK": 1000, "shrink": 100}, {"topK": 1000, "shrink": 100}, {"topK": 742, "shrink": 16}, {"topK": 721, "shrink": 23}, {"topK": 312, "shrink": 88}, {"topK": 131, "shrink": 85}, {"topK": 651, "shrink": 31}, {"topK": 1000, "shrink": 100}, {"topK": 376, "shrink": 28}, {"topK": 1000, "shrink": 100}, {"topK": 1000, "shrink": 100}, {"topK": 1000, "shrink": 100}, {"topK": 1000, "shrink": 100}, {"topK": 810, "shrink": 13}, {"topK": 526, "shrink": 14}, {"topK": 1000, "shrink": 100}, {"topK": 1000, "shrink": 100}, {"topK": 623, "shrink": 33}, {"topK": 834, "shrink": 82}, {"topK": 1000, "shrink": 100}, {"topK": 727, "shrink": 98}, {"topK": 1000, "shrink": 100}, {"topK": 184, "shrink": 97}, {"topK": 1000, "shrink": 100}, {"topK": 84, "shrink": 94}, {"topK": 1000, "shrink": 100}, {"topK": 607, "shrink": 89}, {"topK": 1000, "shrink": 100}, {"topK": 836, "shrink": 25}, {"topK": 1000, "shrink": 100}, {"topK": 1000, "shrink": 100}, {"topK": 675, "shrink": 100}, {"topK": 71, "shrink": 31}, {"topK": 859, "shrink": 28}, {"topK": 105, "shrink": 29}, {"topK": 975, "shrink": 51}, {"topK": 453, "shrink": 50}, {"topK": 840, "shrink": 37}, {"topK": 851, "shrink": 46}, {"topK": 1000, "shrink": 100}, {"topK": 338, "shrink": 69}, {"topK": 304, "shrink": 44}, {"topK": 1000, "shrink": 100}, {"topK": 1000, "shrink": 100}, {"topK": 787, "shrink": 93}, {"topK": 1000, "shrink": 100}, {"topK": 1000, "shrink": 100}, {"topK": 6, "shrink": 79}, {"topK": 954, "shrink": 29}, {"topK": 1000, "shrink": 100}, {"topK": 1000, "shrink": 100}, {"topK": 853, "shrink": 42}, {"topK": 387, "shrink": 67}, {"topK": 1000, "shrink": 100}, {"topK": 319, "shrink": 30}, {"topK": 163, "shrink": 27}, {"topK": 1000, "shrink": 100}, {"topK": 1000, "shrink": 100}, {"topK": 1000, "shrink": 100}, {"topK": 1000, "shrink": 100}, {"topK": 275, "shrink": 41}, {"topK": 988, "shrink": 33}, {"topK": 70, "shrink": 47}, {"topK": 1000, "shrink": 100}, {"topK": 1000, "shrink": 100}, {"topK": 214, "shrink": 5}, {"topK": 998, "shrink": 25}, {"topK": 1000, "shrink": 100}, {"topK": 1000, "shrink": 100}, {"topK": 1000, "shrink": 100}, {"topK": 1000, "shrink": 100}, {"topK": 1000, "shrink": 100}, {"topK": 766, "shrink": 5}, {"topK": 839, "shrink": 36}, {"topK": 917, "shrink": 31}, {"topK": 84, "shrink": 42}, {"topK": 1000, "shrink": 100}, {"topK": 783, "shrink": 79}, {"topK": 1000, "shrink": 100}, {"topK": 368, "shrink": 53}, {"topK": 1000, "shrink": 100}, {"topK": 875, "shrink": 34}, {"topK": 961, "shrink": 74}, {"topK": 1000, "shrink": 100}, {"topK": 211, "shrink": 81}, {"topK": 389, "shrink": 93}, {"topK": 663, "shrink": 90}, {"topK": 495, "shrink": 38}, {"topK": 1000, "shrink": 100}, {"topK": 49, "shrink": 25}, {"topK": 840, "shrink": 32}, {"topK": 620, "shrink": 25}, {"topK": 910, "shrink": 8}, {"topK": 547, "shrink": 16}, {"topK": 1000, "shrink": 100}, {"topK": 859, "shrink": 60}, {"topK": 1000, "shrink": 100}, {"topK": 348, "shrink": 17}, {"topK": 127, "shrink": 62}, {"topK": 916, "shrink": 72}, {"topK": 597, "shrink": 20}, {"topK": 1000, "shrink": 100}, {"topK": 961, "shrink": 21}, {"topK": 233, "shrink": 74}, {"topK": 550, "shrink": 100}, {"topK": 748, "shrink": 24}, {"topK": 679, "shrink": 10}, {"topK": 1000, "shrink": 100}, {"topK": 590, "shrink": 47}, {"topK": 903, "shrink": 40}, {"topK": 294, "shrink": 70}, {"topK": 132, "shrink": 28}, {"topK": 1000, "shrink": 100}, {"topK": 1000, "shrink": 100}, {"topK": 1000, "shrink": 100}, {"topK": 19, "shrink": 99}, {"topK": 1000, "shrink": 100}, {"topK": 550, "shrink": 67}, {"topK": 749, "shrink": 40}, {"topK": 1000, "shrink": 100}, {"topK": 1000, "shrink": 100}, {"topK": 558, "shrink": 50}, {"topK": 1000, "shrink": 100}, {"topK": 1000, "shrink": 100}, {"topK": 1000, "shrink": 100}, {"topK": 691, "shrink": 9}, {"topK": 867, "shrink": 38}, {"topK": 1000, "shrink": 100}, {"topK": 429, "shrink": 30}, {"topK": 103, "shrink": 95}, {"topK": 1000, "shrink": 100}, {"topK": 1000, "shrink": 100}, {"topK": 1000, "shrink": 100}, {"topK": 1000, "shrink": 100}, {"topK": 643, "shrink": 17}, {"topK": 871, "shrink": 9}, {"topK": 1000, "shrink": 100}, {"topK": 1000, "shrink": 100}, {"topK": 897, "shrink": 55}, {"topK": 1000, "shrink": 100}, {"topK": 780, "shrink": 10}, {"topK": 1000, "shrink": 100}, {"topK": 1000, "shrink": 100}, {"topK": 1000, "shrink": 100}, {"topK": 438, "shrink": 33}, {"topK": 1000, "shrink": 100}, {"topK": 1000, "shrink": 100}, {"topK": 423, "shrink": 90}, {"topK": 1000, "shrink": 100}, {"topK": 1000, "shrink": 100}, {"topK": 1000, "shrink": 100}, {"topK": 1000, "shrink": 100}, {"topK": 49, "shrink": 23}, {"topK": 767, "shrink": 3}, {"topK": 633, "shrink": 81}, {"topK": 198, "shrink": 59}, {"topK": 555, "shrink": 55}, {"topK": 1000, "shrink": 100}, {"topK": 1000, "shrink": 100}, {"topK": 1000, "shrink": 100}, {"topK": 742, "shrink": 46}, {"topK": 1000, "shrink": 100}, {"topK": 1000, "shrink": 100}, {"topK": 398, "shrink": 49}, {"topK": 1000, "shrink": 100}, {"topK": 324, "shrink": 66}, {"topK": 584, "shrink": 19}, {"topK": 1000, "shrink": 100}, {"topK": 573, "shrink": 80}, {"topK": 610, "shrink": 70}, {"topK": 1000, "shrink": 100}, {"topK": 13, "shrink": 73}, {"topK": 300, "shrink": 36}, {"topK": 156, "shrink": 82}, {"topK": 1000, "shrink": 100}, {"topK": 644, "shrink": 14}, {"topK": 413, "shrink": 74}, {"topK": 1000, "shrink": 100}, {"topK": 97, "shrink": 14}, {"topK": 996, "shrink": 32}, {"topK": 974, "shrink": 60}, {"topK": 1000, "shrink": 100}, {"topK": 1000, "shrink": 100}, {"topK": 1000, "shrink": 100}, {"topK": 1000, "shrink": 100}, {"topK": 298, "shrink": 10}, {"topK": 185, "shrink": 65}, {"topK": 827, "shrink": 25}, {"topK": 1000, "shrink": 100}, {"topK": 1000, "shrink": 100}, {"topK": 932, "shrink": 33}, {"topK": 1000, "shrink": 100}, {"topK": 1000, "shrink": 100}, {"topK": 1000, "shrink": 100}, {"topK": 1000, "shrink": 100}, {"topK": 1000, "shrink": 100}, {"topK": 186, "shrink": 5}, {"topK": 1000, "shrink": 100}, {"topK": 1000, "shrink": 100}, {"topK": 1000, "shrink": 100}, {"topK": 1000, "shrink": 100}, {"topK": 1000, "shrink": 100}, {"topK": 935, "shrink": 83}, {"topK": 1000, "shrink": 100}, {"topK": 234, "shrink": 86}, {"topK": 1000, "shrink": 100}, {"topK": 102, "shrink": 77}, {"topK": 1000, "shrink": 100}, {"topK": 933, "shrink": 56}, {"topK": 1000, "shrink": 100}, {"topK": 658, "shrink": 10}, {"topK": 1000, "shrink": 100}, {"topK": 1000, "shrink": 100}, {"topK": 1000, "shrink": 100}, {"topK": 1000, "shrink": 100}, {"topK": 1000, "shrink": 100}, {"topK": 930, "shrink": 5}, {"topK": 69, "shrink": 84}, {"topK": 45, "shrink": 57}, {"topK": 1000, "shrink": 100}, {"topK": 296, "shrink": 80}, {"topK": 366, "shrink": 94}, {"topK": 873, "shrink": 87}, {"topK": 1000, "shrink": 100}, {"topK": 886, "shrink": 63}, {"topK": 662, "shrink": 56}, {"topK": 230, "shrink": 69}, {"topK": 755, "shrink": 7}, {"topK": 1000, "shrink": 100}, {"topK": 1000, "shrink": 100}, {"topK": 62, "shrink": 22}, {"topK": 1000, "shrink": 100}, {"topK": 609, "shrink": 4}, {"topK": 1000, "shrink": 100}, {"topK": 1000, "shrink": 100}, {"topK": 1000, "shrink": 100}, {"topK": 806, "shrink": 10}, {"topK": 1000, "shrink": 100}, {"topK": 1000, "shrink": 100}, {"topK": 39, "shrink": 76}, {"topK": 1000, "shrink": 100}, {"topK": 1000, "shrink": 100}, {"topK": 1000, "shrink": 100}, {"topK": 641, "shrink": 40}, {"topK": 554, "shrink": 57}, {"topK": 159, "shrink": 3}, {"topK": 932, "shrink": 60}, {"topK": 1000, "shrink": 100}, {"topK": 1000, "shrink": 100}, {"topK": 1000, "shrink": 100}, {"topK": 487, "shrink": 11}, {"topK": 1000, "shrink": 100}, {"topK": 1000, "shrink": 100}, {"topK": 1000, "shrink": 100}, {"topK": 263, "shrink": 72}, {"topK": 1000, "shrink": 100}, {"topK": 1000, "shrink": 100}, {"topK": 1000, "shrink": 100}, {"topK": 817, "shrink": 88}, {"topK": 313, "shrink": 95}, {"topK": 1000, "shrink": 100}, {"topK": 1000, "shrink": 100}, {"topK": 1000, "shrink": 100}, {"topK": 1000, "shrink": 100}, {"topK": 61, "shrink": 58}, {"topK": 648, "shrink": 40}, {"topK": 1000, "shrink": 100}, {"topK": 962, "shrink": 71}, {"topK": 1000, "shrink": 100}, {"topK": 1000, "shrink": 100}, {"topK": 1000, "shrink": 100}, {"topK": 1000, "shrink": 100}, {"topK": 1000, "shrink": 100}, {"topK": 1000, "shrink": 100}, {"topK": 395, "shrink": 59}, {"topK": 1000, "shrink": 100}, {"topK": 649, "shrink": 3}, {"topK": 452, "shrink": 39}, {"topK": 1000, "shrink": 100}, {"topK": 676, "shrink": 40}, {"topK": 572, "shrink": 59}, {"topK": 961, "shrink": 81}, {"topK": 812, "shrink": 31}, {"topK": 394, "shrink": 31}, {"topK": 1000, "shrink": 100}, {"topK": 692, "shrink": 95}, {"topK": 668, "shrink": 45}, {"topK": 458, "shrink": 29}, {"topK": 1000, "shrink": 100}, {"topK": 335, "shrink": 46}, {"topK": 636, "shrink": 50}, {"topK": 1000, "shrink": 100}, {"topK": 1000, "shrink": 100}, {"topK": 705, "shrink": 75}, {"topK": 1000, "shrink": 100}, {"topK": 610, "shrink": 51}, {"topK": 828, "shrink": 99}, {"topK": 482, "shrink": 87}, {"topK": 1000, "shrink": 100}, {"topK": 1000, "shrink": 100}, {"topK": 1000, "shrink": 100}, {"topK": 1000, "shrink": 100}, {"topK": 1000, "shrink": 100}, {"topK": 728, "shrink": 18}, {"topK": 1000, "shrink": 100}, {"topK": 1000, "shrink": 100}, {"topK": 1000, "shrink": 100}, {"topK": 1000, "shrink": 100}, {"topK": 1000, "shrink": 100}, {"topK": 1000, "shrink": 100}, {"topK": 1000, "shrink": 100}, {"topK": 791, "shrink": 71}, {"topK": 350, "shrink": 34}, {"topK": 240, "shrink": 75}, {"topK": 260, "shrink": 19}, {"topK": 237, "shrink": 77}, {"topK": 897, "shrink": 74}, {"topK": 78, "shrink": 64}, {"topK": 1000, "shrink": 100}, {"topK": 1000, "shrink": 100}, {"topK": 525, "shrink": 75}, {"topK": 1000, "shrink": 100}, {"topK": 1000, "shrink": 100}, {"topK": 1000, "shrink": 100}, {"topK": 1000, "shrink": 100}, {"topK": 469, "shrink": 25}, {"topK": 1000, "shrink": 100}, {"topK": 583, "shrink": 59}, {"topK": 572, "shrink": 63}, {"topK": 1000, "shrink": 100}, {"topK": 1000, "shrink": 100}, {"topK": 517, "shrink": 7}, {"topK": 79, "shrink": 63}, {"topK": 1000, "shrink": 100}, {"topK": 1000, "shrink": 100}, {"topK": 1000, "shrink": 100}, {"topK": 1000, "shrink": 100}, {"topK": 547, "shrink": 92}, {"topK": 580, "shrink": 14}, {"topK": 1000, "shrink": 100}, {"topK": 902, "shrink": 25}, {"topK": 1000, "shrink": 100}, {"topK": 882, "shrink": 61}, {"topK": 1000, "shrink": 100}, {"topK": 1000, "shrink": 100}, {"topK": 244, "shrink": 25}, {"topK": 52, "shrink": 58}, {"topK": 1000, "shrink": 100}, {"topK": 1000, "shrink": 100}, {"topK": 1000, "shrink": 100}, {"topK": 433, "shrink": 95}, {"topK": 1000, "shrink": 100}, {"topK": 1000, "shrink": 100}, {"topK": 726, "shrink": 99}, {"topK": 420, "shrink": 98}, {"topK": 703, "shrink": 62}, {"topK": 1000, "shrink": 100}, {"topK": 291, "shrink": 100}, {"topK": 1000, "shrink": 100}, {"topK": 321, "shrink": 76}, {"topK": 1000, "shrink": 100}, {"topK": 720, "shrink": 22}, {"topK": 1000, "shrink": 100}, {"topK": 1000, "shrink": 100}, {"topK": 1000, "shrink": 100}, {"topK": 1000, "shrink": 100}, {"topK": 571, "shrink": 27}, {"topK": 1000, "shrink": 100}, {"topK": 1000, "shrink": 100}, {"topK": 1000, "shrink": 100}, {"topK": 664, "shrink": 72}, {"topK": 1000, "shrink": 100}, {"topK": 442, "shrink": 85}, {"topK": 1000, "shrink": 100}, {"topK": 303, "shrink": 94}, {"topK": 694, "shrink": 90}, {"topK": 145, "shrink": 100}, {"topK": 554, "shrink": 11}, {"topK": 1000, "shrink": 100}, {"topK": 1000, "shrink": 100}, {"topK": 249, "shrink": 36}, {"topK": 235, "shrink": 83}, {"topK": 1000, "shrink": 100}, {"topK": 944, "shrink": 97}, {"topK": 1000, "shrink": 100}, {"topK": 1000, "shrink": 100}, {"topK": 1000, "shrink": 100}, {"topK": 1000, "shrink": 100}, {"topK": 994, "shrink": 45}, {"topK": 1000, "shrink": 100}, {"topK": 1000, "shrink": 100}, {"topK": 1000, "shrink": 100}, {"topK": 1000, "shrink": 100}, {"topK": 353, "shrink": 85}, {"topK": 1000, "shrink": 100}, {"topK": 203, "shrink": 27}, {"topK": 1000, "shrink": 100}, {"topK": 1000, "shrink": 100}, {"topK": 242, "shrink": 85}, {"topK": 1000, "shrink": 100}, {"topK": 1000, "shrink": 100}, {"topK": 1000, "shrink": 100}, {"topK": 1000, "shrink": 100}, {"topK": 1000, "shrink": 100}, {"topK": 744, "shrink": 32}, {"topK": 934, "shrink": 68}, {"topK": 762, "shrink": 20}, {"topK": 1000, "shrink": 100}, {"topK": 1000, "shrink": 100}, {"topK": 1000, "shrink": 100}, {"topK": 1000, "shrink": 100}, {"topK": 1000, "shrink": 100}, {"topK": 1000, "shrink": 100}, {"topK": 986, "shrink": 12}, {"topK": 563, "shrink": 8}, {"topK": 62, "shrink": 30}, {"topK": 1000, "shrink": 100}, {"topK": 977, "shrink": 44}, {"topK": 187, "shrink": 35}, {"topK": 941, "shrink": 80}, {"topK": 167, "shrink": 85}, {"topK": 1000, "shrink": 100}, {"topK": 590, "shrink": 99}, {"topK": 247, "shrink": 55}, {"topK": 671, "shrink": 41}, {"topK": 1000, "shrink": 100}, {"topK": 1000, "shrink": 100}, {"topK": 1000, "shrink": 100}, {"topK": 1000, "shrink": 100}, {"topK": 469, "shrink": 22}, {"topK": 1000, "shrink": 100}, {"topK": 1000, "shrink": 100}, {"topK": 1000, "shrink": 100}, {"topK": 946, "shrink": 65}, {"topK": 1000, "shrink": 100}, {"topK": 111, "shrink": 2}, {"topK": 1000, "shrink": 100}, {"topK": 1000, "shrink": 100}, {"topK": 1000, "shrink": 100}, {"topK": 789, "shrink": 95}, {"topK": 1000, "shrink": 100}, {"topK": 352, "shrink": 96}, {"topK": 1000, "shrink": 100}, {"topK": 1000, "shrink": 100}, {"topK": 728, "shrink": 44}, {"topK": 1000, "shrink": 100}, {"topK": 561, "shrink": 2}, {"topK": 924, "shrink": 11}, {"topK": 1000, "shrink": 100}, {"topK": 708, "shrink": 87}, {"topK": 179, "shrink": 74}, {"topK": 1000, "shrink": 100}, {"topK": 691, "shrink": 87}, {"topK": 331, "shrink": 57}, {"topK": 167, "shrink": 61}, {"topK": 261, "shrink": 67}, {"topK": 924, "shrink": 42}, {"topK": 1000, "shrink": 100}, {"topK": 1000, "shrink": 100}, {"topK": 905, "shrink": 99}, {"topK": 1000, "shrink": 100}, {"topK": 1000, "shrink": 100}, {"topK": 1000, "shrink": 100}, {"topK": 30, "shrink": 73}, {"topK": 317, "shrink": 3}, {"topK": 1000, "shrink": 100}, {"topK": 136, "shrink": 19}, {"topK": 1000, "shrink": 100}, {"topK": 1000, "shrink": 100}, {"topK": 748, "shrink": 20}, {"topK": 644, "shrink": 66}, {"topK": 1000, "shrink": 100}, {"topK": 1000, "shrink": 100}, {"topK": 1000, "shrink": 100}, {"topK": 1000, "shrink": 100}, {"topK": 346, "shrink": 30}, {"topK": 82, "shrink": 79}, {"topK": 1000, "shrink": 100}, {"topK": 1000, "shrink": 100}, {"topK": 1000, "shrink": 100}, {"topK": 1000, "shrink": 100}, {"topK": 320, "shrink": 53}, {"topK": 704, "shrink": 72}, {"topK": 152, "shrink": 15}, {"topK": 1000, "shrink": 100}, {"topK": 1000, "shrink": 100}, {"topK": 1000, "shrink": 100}, {"topK": 233, "shrink": 76}, {"topK": 1000, "shrink": 100}, {"topK": 434, "shrink": 92}, {"topK": 1000, "shrink": 100}, {"topK": 517, "shrink": 35}, {"topK": 1000, "shrink": 100}, {"topK": 1000, "shrink": 100}, {"topK": 1000, "shrink": 100}, {"topK": 905, "shrink": 24}, {"topK": 1000, "shrink": 100}, {"topK": 1000, "shrink": 100}, {"topK": 1000, "shrink": 100}, {"topK": 1000, "shrink": 100}, {"topK": 1000, "shrink": 100}, {"topK": 702, "shrink": 26}, {"topK": 1000, "shrink": 100}, {"topK": 1000, "shrink": 100}, {"topK": 1000, "shrink": 100}, {"topK": 299, "shrink": 17}, {"topK": 1000, "shrink": 100}, {"topK": 1000, "shrink": 100}, {"topK": 1000, "shrink": 100}, {"topK": 1000, "shrink": 100}, {"topK": 1000, "shrink": 100}, {"topK": 1000, "shrink": 100}, {"topK": 1000, "shrink": 100}, {"topK": 478, "shrink": 36}, {"topK": 167, "shrink": 71}, {"topK": 1000, "shrink": 100}, {"topK": 1000, "shrink": 100}, {"topK": 1000, "shrink": 100}, {"topK": 236, "shrink": 32}, {"topK": 345, "shrink": 33}, {"topK": 1000, "shrink": 100}, {"topK": 1000, "shrink": 100}, {"topK": 1000, "shrink": 100}, {"topK": 1000, "shrink": 100}, {"topK": 396, "shrink": 98}, {"topK": 1000, "shrink": 100}, {"topK": 176, "shrink": 47}, {"topK": 1000, "shrink": 100}, {"topK": 1000, "shrink": 100}, {"topK": 1000, "shrink": 100}, {"topK": 1000, "shrink": 100}, {"topK": 1000, "shrink": 100}, {"topK": 1000, "shrink": 100}, {"topK": 1000, "shrink": 100}, {"topK": 1000, "shrink": 100}]