{"algorithm_name_search": "algorithm_name_search.json", "algorithm_name_recommender": "algorithm_name_recommender.json", "exception_list": "exception_list.json", "hyperparameters_best": "hyperparameters_best.zip", "hyperparameters_best_index": "hyperparameters_best_index.json", "result_on_validation_list": "result_on_validation_list.json", "result_on_validation_best": "result_on_validation_best.json", "result_on_test_list": "result_on_test_list.json", "result_on_test_best": "result_on_test_best.json", "time_on_train_list": "time_on_train_list.json", "time_on_train_total": "time_on_train_total.json", "time_on_train_avg": "time_on_train_avg.json", "time_on_validation_list": "time_on_validation_list.json", "time_on_validation_total": "time_on_validation_total.json", "time_on_validation_avg": "time_on_validation_avg.json", "time_on_test_list": "time_on_test_list.json", "time_on_test_total": "time_on_test_total.json", "time_on_test_avg": "time_on_test_avg.json", "result_on_last": "result_on_last.json", "time_on_last_train": "time_on_last_train.json", "time_on_last_test": "time_on_last_test.json"}